USE [VisualContactTecnical-1];

/** Inserción de datos a cada una de las entidades **/

/** ENTIDAD PROVEEDORES **/
	/** Proveedor 1 **/
	INSERT INTO  dbo.Proveedores VALUES('102525-A', 'Alpina S.A.', 'Transv 4B # 3-58 Sur');
	/** Proveedor 2 **/
	INSERT INTO  dbo.Proveedores VALUES('102525-B', 'Alqueria S.A.S','Transv 4B # 3-58 Norte');
	/** Proveedor 3 **/
	INSERT INTO  dbo.Proveedores VALUES('102525-C', 'Colanta S.A.S', 'Transv 4B # 3-58 Occidente');

/** ENTIDAD PRODUCTO **/
	/** Productos ofrecidos por el proveedor 1 **/
	INSERT INTO  dbo.Producto VALUES('A01','Chocolatina JET', 1000,'102525-A');
	INSERT INTO  dbo.Producto VALUES('A02','Leche Deslactosada', 4000,'102525-A');
	INSERT INTO  dbo.Producto VALUES('A03','Leche Entera', 3000,'102525-A');
	INSERT INTO  dbo.Producto VALUES('A04','Jamon Tajado', 4000,'102525-A');
	INSERT INTO  dbo.Producto VALUES('A05','Jamon en Bloque', 2000,'102525-A');

	/** Productos ofrecidos por el proveedor 2 **/
	INSERT INTO  dbo.Producto VALUES('A06','Chocolatina Jumbo', 2000,'102525-B');
	INSERT INTO  dbo.Producto VALUES('A07','Leche Condensada', 4000,'102525-B');
	INSERT INTO  dbo.Producto VALUES('A08','Gelatina Boggy', 2500,'102525-B');
	INSERT INTO  dbo.Producto VALUES('A09','Ponque Tradicional', 4000,'102525-B');
	INSERT INTO  dbo.Producto VALUES('A10','Leche Deslactosada', 2000,'102525-B');

	/** Productos ofrecidos por el proveedor 3 **/
	INSERT INTO  dbo.Producto VALUES('A11','Chocolatina Ferrero Rocher', 10000,'102525-C');
	INSERT INTO  dbo.Producto VALUES('A12','Café Sello Rojo', 7000,'102525-C');
	INSERT INTO  dbo.Producto VALUES('A13','Queso Tajado', 4000,'102525-C');
	INSERT INTO  dbo.Producto VALUES('A14','Queso Doble Crema Tajado', 6000,'102525-C');
	INSERT INTO  dbo.Producto VALUES('A15','Queso en Bloque', 2000,'102525-C');

/** ENTIDAD CLIENTES**/
	INSERT INTO  dbo.Cliente VALUES('102030405','Pedro Julián', 'Ruiz Ramirez','Transv 5-10 Occidente', '1993-03-24');
	INSERT INTO  dbo.Cliente VALUES('901020304','Johan Santiago', 'Diaz Granados',  'Transv 5-10 Norte', '1994-03-24');
	INSERT INTO  dbo.Cliente VALUES('506070809','Valentina', 'Mora Baquero', 'Transv 5-10 Sur', '1995-03-24');
	INSERT INTO  dbo.Cliente VALUES('903080100','Jimmy Alejandro', 'Castro Sabogal', 'Transv 5-10 Oriente', '1996-03-24');

/** ENTIDAD EMPRESA **/
	INSERT INTO  dbo.Empresa VALUES('10235449-C', 'Exito Calle 45', 'Av. Caracas con Calle 45');


/** ENTIDAD TRANSACCIONES - SE SIMULAN 50 COMPRAS **/
	
	/* 1 A01 - Chocolatina JET */
	INSERT INTO  dbo.Transacciones VALUES('0000000001',CURRENT_TIMESTAMP,'A01',1,'102030405','10235449-C');
	INSERT INTO  dbo.Transacciones VALUES('0000000002',CURRENT_TIMESTAMP,'A01',1,'506070809','10235449-C');
	INSERT INTO  dbo.Transacciones VALUES('0000000003',CURRENT_TIMESTAMP,'A01',1,'901020304','10235449-C');
	INSERT INTO  dbo.Transacciones VALUES('0000000004',CURRENT_TIMESTAMP,'A01',1,'903080100','10235449-C');
	INSERT INTO  dbo.Transacciones VALUES('0000000005',CURRENT_TIMESTAMP,'A01',1,'102030405','10235449-C');
	INSERT INTO  dbo.Transacciones VALUES('0000000006',CURRENT_TIMESTAMP,'A01',1,'506070809','10235449-C');
	INSERT INTO  dbo.Transacciones VALUES('0000000007',CURRENT_TIMESTAMP,'A01',1,'901020304','10235449-C');
	INSERT INTO  dbo.Transacciones VALUES('0000000008',CURRENT_TIMESTAMP,'A01',1,'903080100','10235449-C');
	INSERT INTO  dbo.Transacciones VALUES('0000000009',CURRENT_TIMESTAMP,'A01',1,'102030405','10235449-C');
	INSERT INTO  dbo.Transacciones VALUES('0000000010',CURRENT_TIMESTAMP,'A01',1,'506070809','10235449-C');
	INSERT INTO  dbo.Transacciones VALUES('0000000011',CURRENT_TIMESTAMP,'A01',1,'901020304','10235449-C');
	INSERT INTO  dbo.Transacciones VALUES('0000000012',CURRENT_TIMESTAMP,'A01',1,'903080100','10235449-C');

	/* 2 A02 - Leche Deslactosada */
	INSERT INTO  dbo.Transacciones VALUES('0000000013',CURRENT_TIMESTAMP,'A02',2,'102030405','10235449-C');
	INSERT INTO  dbo.Transacciones VALUES('0000000014',CURRENT_TIMESTAMP,'A02',2,'506070809','10235449-C');

	/* 3 A03 - Leche Entera */
	INSERT INTO  dbo.Transacciones VALUES('0000000017',CURRENT_TIMESTAMP,'A03',3,'102030405','10235449-C');
	INSERT INTO  dbo.Transacciones VALUES('0000000018',CURRENT_TIMESTAMP,'A03',3,'506070809','10235449-C');
	INSERT INTO  dbo.Transacciones VALUES('0000000019',CURRENT_TIMESTAMP,'A03',3,'901020304','10235449-C');
	INSERT INTO  dbo.Transacciones VALUES('0000000020',CURRENT_TIMESTAMP,'A03',3,'903080100','10235449-C');
	  
	/* 4 A04 - Jamon Tajado */
	INSERT INTO  dbo.Transacciones VALUES('0000000021',CURRENT_TIMESTAMP,'A04',4,'102030405','10235449-C');
	INSERT INTO  dbo.Transacciones VALUES('0000000022',CURRENT_TIMESTAMP,'A04',4,'506070809','10235449-C');
	INSERT INTO  dbo.Transacciones VALUES('0000000023',CURRENT_TIMESTAMP,'A04',4,'901020304','10235449-C');
	INSERT INTO  dbo.Transacciones VALUES('0000000024',CURRENT_TIMESTAMP,'A04',4,'903080100','10235449-C');

	/* 5 A05 - Jamon en Bloque */
	INSERT INTO  dbo.Transacciones VALUES('0000000025',CURRENT_TIMESTAMP,'A05',5,'102030405','10235449-C');
	INSERT INTO  dbo.Transacciones VALUES('0000000026',CURRENT_TIMESTAMP,'A05',5,'506070809','10235449-C');
	INSERT INTO  dbo.Transacciones VALUES('0000000027',CURRENT_TIMESTAMP,'A05',5,'901020304','10235449-C');
	INSERT INTO  dbo.Transacciones VALUES('0000000028',CURRENT_TIMESTAMP,'A05',5,'903080100','10235449-C');

	/* 6 A06 - Chocolatina Jumbo */
	INSERT INTO  dbo.Transacciones VALUES('0000000029',CURRENT_TIMESTAMP,'A06',6,'102030405','10235449-C');
	INSERT INTO  dbo.Transacciones VALUES('0000000030',CURRENT_TIMESTAMP,'A06',6,'506070809','10235449-C');
	INSERT INTO  dbo.Transacciones VALUES('0000000031',CURRENT_TIMESTAMP,'A06',6,'901020304','10235449-C');
	INSERT INTO  dbo.Transacciones VALUES('0000000032',CURRENT_TIMESTAMP,'A06',6,'903080100','10235449-C');

	/* 7 A07 - Lecho Condensada */
	INSERT INTO  dbo.Transacciones VALUES('0000000033',CURRENT_TIMESTAMP,'A07',7,'102030405','10235449-C');
	INSERT INTO  dbo.Transacciones VALUES('0000000034',CURRENT_TIMESTAMP,'A07',7,'506070809','10235449-C');
	INSERT INTO  dbo.Transacciones VALUES('0000000035',CURRENT_TIMESTAMP,'A07',7,'901020304','10235449-C');
	INSERT INTO  dbo.Transacciones VALUES('0000000036',CURRENT_TIMESTAMP,'A07',7,'903080100','10235449-C');
	
	/* 8 A08 - Gelatina Boogy */
	INSERT INTO  dbo.Transacciones VALUES('0000000037',CURRENT_TIMESTAMP,'A08',8,'102030405','10235449-C');
	INSERT INTO  dbo.Transacciones VALUES('0000000038',CURRENT_TIMESTAMP,'A08',8,'506070809','10235449-C');
	INSERT INTO  dbo.Transacciones VALUES('0000000039',CURRENT_TIMESTAMP,'A08',8,'901020304','10235449-C');
	INSERT INTO  dbo.Transacciones VALUES('0000000040',CURRENT_TIMESTAMP,'A08',8,'903080100','10235449-C');
	
	/* 9 A09 - Ponque Tradicional */
	INSERT INTO  dbo.Transacciones VALUES('0000000041',CURRENT_TIMESTAMP,'A09',9,'102030405','10235449-C');
	INSERT INTO  dbo.Transacciones VALUES('0000000042',CURRENT_TIMESTAMP,'A09',9,'506070809','10235449-C');
	INSERT INTO  dbo.Transacciones VALUES('0000000043',CURRENT_TIMESTAMP,'A09',9,'901020304','10235449-C');
	INSERT INTO  dbo.Transacciones VALUES('0000000044',CURRENT_TIMESTAMP,'A09',9,'903080100','10235449-C');
	
	/* 10 A10 - Leche Deslactosada */
	INSERT INTO  dbo.Transacciones VALUES('0000000045',CURRENT_TIMESTAMP,'A10',10,'102030405','10235449-C');
	INSERT INTO  dbo.Transacciones VALUES('0000000046',CURRENT_TIMESTAMP,'A10',10,'506070809','10235449-C');
	INSERT INTO  dbo.Transacciones VALUES('0000000047',CURRENT_TIMESTAMP,'A10',10,'901020304','10235449-C');
	INSERT INTO  dbo.Transacciones VALUES('0000000048',CURRENT_TIMESTAMP,'A10',10,'903080100','10235449-C');

	/* 11 A11 - Chocolatina Ferrero Rocher */ 
	INSERT INTO  dbo.Transacciones VALUES('0000000049',CURRENT_TIMESTAMP,'A11',11,'102030405','10235449-C');
	INSERT INTO  dbo.Transacciones VALUES('0000000050',CURRENT_TIMESTAMP,'A11',11,'506070809','10235449-C');
	INSERT INTO  dbo.Transacciones VALUES('0000000051',CURRENT_TIMESTAMP,'A11',11,'901020304','10235449-C');
	INSERT INTO  dbo.Transacciones VALUES('0000000052',CURRENT_TIMESTAMP,'A11',11,'903080100','10235449-C');
	
	/* 12 A12 - Café Sello Rojo */
	INSERT INTO  dbo.Transacciones VALUES('0000000053',CURRENT_TIMESTAMP,'A12',12,'102030405','10235449-C');
	INSERT INTO  dbo.Transacciones VALUES('0000000054',CURRENT_TIMESTAMP,'A12',12,'506070809','10235449-C');
	INSERT INTO  dbo.Transacciones VALUES('0000000055',CURRENT_TIMESTAMP,'A12',12,'901020304','10235449-C');
	INSERT INTO  dbo.Transacciones VALUES('0000000056',CURRENT_TIMESTAMP,'A12',12,'903080100','10235449-C');
	
	/* 13 A13 - Queso Tajado */
	INSERT INTO  dbo.Transacciones VALUES('0000000057',CURRENT_TIMESTAMP,'A13',13,'102030405','10235449-C');
	INSERT INTO  dbo.Transacciones VALUES('0000000058',CURRENT_TIMESTAMP,'A13',13,'506070809','10235449-C');
	INSERT INTO  dbo.Transacciones VALUES('0000000059',CURRENT_TIMESTAMP,'A13',13,'901020304','10235449-C');
	INSERT INTO  dbo.Transacciones VALUES('0000000060',CURRENT_TIMESTAMP,'A13',13,'903080100','10235449-C');
	
	/* 14 A14 - Queso Doble Crema Tajado */
	INSERT INTO  dbo.Transacciones VALUES('0000000061',CURRENT_TIMESTAMP,'A14',14,'102030405','10235449-C');
	INSERT INTO  dbo.Transacciones VALUES('0000000062',CURRENT_TIMESTAMP,'A14',14,'506070809','10235449-C');
	INSERT INTO  dbo.Transacciones VALUES('0000000063',CURRENT_TIMESTAMP,'A14',14,'901020304','10235449-C');
	INSERT INTO  dbo.Transacciones VALUES('0000000064',CURRENT_TIMESTAMP,'A14',14,'903080100','10235449-C');
	
	/* 15 A15 - Queso en Bloque */
	INSERT INTO  dbo.Transacciones VALUES('0000000065',CURRENT_TIMESTAMP,'A15',15,'102030405','10235449-C');
	INSERT INTO  dbo.Transacciones VALUES('0000000066',CURRENT_TIMESTAMP,'A15',15,'506070809','10235449-C');
	INSERT INTO  dbo.Transacciones VALUES('0000000067',CURRENT_TIMESTAMP,'A15',15,'901020304','10235449-C');
	INSERT INTO  dbo.Transacciones VALUES('0000000068',CURRENT_TIMESTAMP,'A15',15,'903080100','10235449-C');


